OrigName,Date.x,year,Site.Type.x,Long.x,Lat.x,OpenWater,DevelopedOpenSpace,Barren,GrasslandPasture,forest,developed,nonforestnatural,Crops,gdd,nest,pest,flsp,flsum,HBD,april,may,june,BQCV,DWV,Nosema,Crithidia,sumprecip,elevation,minutes.x,Bimaculatus.per.min.x,fervidus..per.min.x,flavidus.per.min.x,Griseocollis.per.min.x,Impatience.per.min.x,perplexus.per.min.x,sandersoni.per.min.x,tericola..per.min.x,ternarius.per.min.x,vagans.per.min.x,toto.bees.per.min.x,Bombus20_shannon_diversity.y,Bimaculatus,Fervidous,Flavidus,Griseocollis,Impatiens,Perplexus,Sandersonii,Tericola,Ternarius,Vagans,Grand.Total,bimaculatus.y,fervidus,flavidus,Griseocollis.1.y,Impatience,perplexus,sandersoni,tericola,ternarius,vagans
Altoona Graveyard,7/8/2020,2020,valley,40.52285,-78.40129,0,14,0,0,0,86,0,0,18.8579998,0.349608774,239.5283408,0.514474217,0.537248705,0.356748666,128.3389755,52.36406717,67.75507095,NA,NA,NA,NA,248.4581136,400.35458,71,0.183098592,0,0,0.042253521,0.042253521,0.070422535,0.014084507,0,0,0,0.352112676,1.265001375,13,0,0,3,3,5,1,0,0,0,25,0.52,0,0,0.12,0.12,0.2,0.04,0,0,0
Bald Eagle timber harvest,7/3/2020,2020,forest,41.07705,-76.94622,0,17,0,1,78,1,0,2,20.42300034,0.614796366,5145.239836,0.607059437,0.501323413,0.142888352,80.9508446,145.460129,87.94846044,8.671499,0,0.2797547,14.77825933,314.3594341,218.15282,44,0.25,0,0,0.045454545,0.25,0,0,0,0,0.022727273,0.568181818,0.655975732,11,0,0,2,11,0,0,0,0,1,25,0.44,0,0,0.08,0.44,0,0,0,0,0.04
Bald Eagle timber harvest,7/3/2020,2020,forest,41.07705,-76.94622,0,17,0,1,78,1,0,2,20.42300034,0.614796366,5145.239836,0.607059437,0.501323413,0.142888352,80.9508446,145.460129,87.94846044,6.871627667,3.748087333,2.713078333,14.99993267,314.3594341,218.15282,44,0.25,0,0,0.045454545,0.25,0,0,0,0,0.022727273,0.568181818,0.655975732,11,0,0,2,11,0,0,0,0,1,25,0.44,0,0,0.08,0.44,0,0,0,0,0.04
Bald Eagle timber harvest,7/3/2020,2020,forest,41.07705,-76.94622,0,17,0,1,78,1,0,2,20.42300034,0.614796366,5145.239836,0.607059437,0.501323413,0.142888352,80.9508446,145.460129,87.94846044,5.092574,0.480244,0.8653925,14.31666767,314.3594341,218.15282,44,0.25,0,0,0.045454545,0.25,0,0,0,0,0.022727273,0.568181818,0.655975732,11,0,0,2,11,0,0,0,0,1,25,0.44,0,0,0.08,0.44,0,0,0,0,0.04
Bear Meadows,6/23/2020,2020,forest,40.733045,-77.755017,0,8,0,0,88,0,4,0,19.10700035,0.665454143,11.59908253,0.635084691,0.503821851,0,112.8729766,108.0452239,117.1474778,5.563406,0,1.270557333,13.822321,338.0656783,559.01813,60,0.183333333,0,0,0,0.133333333,0,0.1,0,0,0.033333333,0.45,0.974314753,11,0,0,0,8,0,6,0,0,2,27,0.407407407,0,0,0,0.296296296,0,0.222222222,0,0,0.074074074
Bear Meadows,6/23/2020,2020,forest,40.733045,-77.755017,0,8,0,0,88,0,4,0,19.10700035,0.665454143,11.59908253,0.635084691,0.503821851,0,112.8729766,108.0452239,117.1474778,3.980689667,0,0.8150795,13.385489,338.0656783,559.01813,60,0.183333333,0,0,0,0.133333333,0,0.1,0,0,0.033333333,0.45,0.974314753,11,0,0,0,8,0,6,0,0,2,27,0.407407407,0,0,0,0.296296296,0,0.222222222,0,0,0.074074074
Belleville library,7/6/2020,2020,valley,40.61014,-77.72288,0,16,0,1,0,23,0,59,21.18700027,0.266633802,48780.78061,0.331153942,0.43800061,0.509295821,114.9973682,105.4795831,103.3074536,8.451606333,0,2.431039033,9.908695,323.784405,260.84277,64,0.09375,0,0,0.15625,0.125,0,0,0,0,0,0.375,0.686961577,6,0,0,10,8,0,0,0,0,0,24,0.25,0,0,0.416666667,0.333333333,0,0,0,0,0
Belleville library,7/6/2020,2020,valley,40.61014,-77.72288,0,16,0,1,0,23,0,59,21.18700027,0.266633802,48780.78061,0.331153942,0.43800061,0.509295821,114.9973682,105.4795831,103.3074536,7.552581,0,3.098055833,0,323.784405,260.84277,64,0.09375,0,0,0.15625,0.125,0,0,0,0,0,0.375,0.686961577,6,0,0,10,8,0,0,0,0,0,24,0.25,0,0,0.416666667,0.333333333,0,0,0,0,0
Brush Mountain woodlands,6/28/2020,2020,forest,40.48098,-78.36811,0,0,0,0,100,0,0,0,18.64999962,0.54950232,708.5405505,0.606627565,0.527149395,0.138888686,122.0477527,49.7573513,76.54986904,10.854459,0.928622333,2.105766,0,248.3549731,586.1778,63,0.158730159,0,0,0,0.111111111,0.031746032,0.095238095,0,0,0,0.396825397,0.990835386,10,0,0,0,7,2,6,0,0,0,25,0.4,0,0,0,0.28,0.08,0.24,0,0,0
Brush Mountain woodlands,6/28/2020,2020,forest,40.48098,-78.36811,0,0,0,0,100,0,0,0,18.64999962,0.54950232,708.5405505,0.606627565,0.527149395,0.138888686,122.0477527,49.7573513,76.54986904,0.999518,2.034894667,1.5612675,0,248.3549731,586.1778,63,0.158730159,0,0,0,0.111111111,0.031746032,0.095238095,0,0,0,0.396825397,0.990835386,10,0,0,0,7,2,6,0,0,0,25,0.4,0,0,0,0.28,0.08,0.24,0,0,0
Centre Hall Fair Grounds,7/7/2020,2020,valley,40.83118,-77.68069,0,9,0,7,6,26,0,50,20.30900002,0.269435304,37519.9675,0.335025611,0.430849544,0,0,0,0,5.108063333,0,0,0,0,398.53613,40,0.05,0,0,0.025,0.525,0,0,0,0,0,0.6,0.184907399,2,0,0,1,21,0,0,0,0,0,24,0.083333333,0,0,0.041666667,0.875,0,0,0,0,0
Centre Hall Fair Grounds,7/7/2020,2020,valley,40.83118,-77.68069,0,9,0,7,6,26,0,50,20.30900002,0.269435304,37519.9675,0.335025611,0.430849544,0,0,0,0,6.226014667,2.439232333,1.814661167,0,0,398.53613,40,0.05,0,0,0.025,0.525,0,0,0,0,0,0.6,0.184907399,2,0,0,1,21,0,0,0,0,0,24,0.083333333,0,0,0.041666667,0.875,0,0,0,0,0
Centre Hall Fair Grounds,7/7/2020,2020,valley,40.83118,-77.68069,0,9,0,7,6,26,0,50,20.30900002,0.269435304,37519.9675,0.335025611,0.430849544,0,0,0,0,5.063314667,1.163403,0.896898167,0,0,398.53613,40,0.05,0,0,0.025,0.525,0,0,0,0,0,0.6,0.184907399,2,0,0,1,21,0,0,0,0,0,24,0.083333333,0,0,0.041666667,0.875,0,0,0,0,0
Church ln cemetary,7/6/2020,2020,valley,40.67798,-77.5844,0,5,0,23,12,0,0,60,20.97999954,0.407490541,24021.23829,0.457251302,0.473531295,0,0,0,0,3.037826,1.028084333,0.11975,11.038826,0,227.27866,130,0.015384615,0.007692308,0,0.015384615,0.153846154,0,0,0,0,0,0.192307692,0.470235962,2,1,0,2,20,0,0,0,0,0,25,0.08,0.04,0,0.08,0.8,0,0,0,0,0
Church ln cemetary,7/6/2020,2020,valley,40.67798,-77.5844,0,5,0,23,12,0,0,60,20.97999954,0.407490541,24021.23829,0.457251302,0.473531295,0,0,0,0,5.219211,0.964912333,0.09831925,14.64320467,0,227.27866,130,0.015384615,0.007692308,0,0.015384615,0.153846154,0,0,0,0,0,0.192307692,0.470235962,2,1,0,2,20,0,0,0,0,0,25,0.08,0.04,0,0.08,0.8,0,0,0,0,0
Church ln cemetary,7/6/2020,2020,valley,40.67798,-77.5844,0,5,0,23,12,0,0,60,20.97999954,0.407490541,24021.23829,0.457251302,0.473531295,0,0,0,0,6.782912667,0.875611667,1.37372055,0,0,227.27866,130,0.015384615,0.007692308,0,0.015384615,0.153846154,0,0,0,0,0,0.192307692,0.470235962,2,1,0,2,20,0,0,0,0,0,25,0.08,0.04,0,0.08,0.8,0,0,0,0,0
Coyler Lake,6/22/2020,2020,edge,40.778147,-77.683718,20,2,0,7,61,0,1,8,20.34300041,0.5070826,8176.249536,0.520350802,0.486149724,0.063661978,0,0,0,8.920497667,4.085419667,0,0,0,381.3429,61,0.098360656,0,0,0.016393443,0.163934426,0.147540984,0.032786885,0,0,0,0.459016393,1.082534886,6,0,0,1,10,9,2,0,0,0,28,0.214285714,0,0,0.035714286,0.357142857,0.321428571,0.071428571,0,0,0
Coyler Lake,6/22/2020,2020,edge,40.778147,-77.683718,20,2,0,7,61,0,1,8,20.34300041,0.5070826,8176.249536,0.520350802,0.486149724,0.063661978,0,0,0,8.670026667,0,2.234574167,13.49687633,0,381.3429,61,0.098360656,0,0,0.016393443,0.163934426,0.147540984,0.032786885,0,0,0,0.459016393,1.082534886,6,0,0,1,10,9,2,0,0,0,28,0.214285714,0,0,0.035714286,0.357142857,0.321428571,0.071428571,0,0,0
Coyler Lake,6/22/2020,2020,edge,40.778147,-77.683718,20,2,0,7,61,0,1,8,20.34300041,0.5070826,8176.249536,0.520350802,0.486149724,0.063661978,0,0,0,7.208924667,0,0,9.811293,0,381.3429,61,0.098360656,0,0,0.016393443,0.163934426,0.147540984,0.032786885,0,0,0,0.459016393,1.082534886,6,0,0,1,10,9,2,0,0,0,28,0.214285714,0,0,0.035714286,0.357142857,0.321428571,0.071428571,0,0,0
Harry Haney memorial park,6/23/2020,2020,valley,40.92544,-77.05263,0,24,0,10,29,24,1,10,21.6420002,0.284265526,38456.30445,0.365507958,0.449511023,0.337635684,83.68046371,106.0111737,79.50104109,6.869601667,0,1.872052167,13.75771433,269.1926785,165.84245,143,0.055944056,0,0,0.013986014,0.097902098,0,0,0,0,0,0.167832168,0.376770161,8,0,0,2,14,0,0,0,0,0,24,0.333333333,0,0,0.083333333,0.583333333,0,0,0,0,0
Harry Haney memorial park,6/23/2020,2020,valley,40.92544,-77.05263,0,24,0,10,29,24,1,10,21.6420002,0.284265526,38456.30445,0.365507958,0.449511023,0.337635684,83.68046371,106.0111737,79.50104109,7.785312333,5.065148333,1.036395,4.869116,269.1926785,165.84245,143,0.055944056,0,0,0.013986014,0.097902098,0,0,0,0,0,0.167832168,0.376770161,8,0,0,2,14,0,0,0,0,0,24,0.333333333,0,0,0.083333333,0.583333333,0,0,0,0,0
Harry Haney memorial park,6/23/2020,2020,valley,40.92544,-77.05263,0,24,0,10,29,24,1,10,21.6420002,0.284265526,38456.30445,0.365507958,0.449511023,0.337635684,83.68046371,106.0111737,79.50104109,8.478631333,2.469720333,3.282798333,3.522867,269.1926785,165.84245,143,0.055944056,0,0,0.013986014,0.097902098,0,0,0,0,0,0.167832168,0.376770161,8,0,0,2,14,0,0,0,0,0,24,0.333333333,0,0,0.083333333,0.583333333,0,0,0,0,0
Huntingdon walmart,7/5/2020,2020,edge,40.49122,-78.04652,0,11,0,6,31,27,0,23,20.41600037,0.539530779,3322.240844,0.582930128,0.514342603,0,99.2074544,69.5622344,71.48886393,3.915352,0,1.2512995,12.67138933,240.2585527,233.78879,25,0.32,0,0,0.24,0.36,0.04,0.04,0,0,0,1,1.037591108,8,0,0,6,9,1,1,0,0,0,25,0.32,0,0,0.24,0.36,0.04,0.04,0,0,0
Huntingdon walmart,7/5/2020,2020,edge,40.49122,-78.04652,0,11,0,6,31,27,0,23,20.41600037,0.539530779,3322.240844,0.582930128,0.514342603,0,99.2074544,69.5622344,71.48886393,2.445496,0,0.5904325,12.839643,240.2585527,233.78879,25,0.32,0,0,0.24,0.36,0.04,0.04,0,0,0,1,1.037591108,8,0,0,6,9,1,1,0,0,0,25,0.32,0,0,0.24,0.36,0.04,0.04,0,0,0
Huntingdon walmart,7/5/2020,2020,edge,40.49122,-78.04652,0,11,0,6,31,27,0,23,20.41600037,0.539530779,3322.240844,0.582930128,0.514342603,0,99.2074544,69.5622344,71.48886393,3.495354,3.668717333,1.123308333,8.193581667,240.2585527,233.78879,25,0.32,0,0,0.24,0.36,0.04,0.04,0,0,0,1,1.037591108,8,0,0,6,9,1,1,0,0,0,25,0.32,0,0,0.24,0.36,0.04,0.04,0,0,0
Juanita School,7/5/2020,2020,edge,40.56279,-78.07467,3,10,1,7,16,7,0,54,20.89900017,0.434833051,27218.0421,0.453072026,0.449218418,0.681067187,114.5674138,68.45289988,91.5765488,1.181354333,0.148670667,1.0024585,14.14943933,274.5968625,232.16248,26,0.153846154,0,0,0,0.807692308,0,0,0,0,0,0.961538462,0,4,0,0,0,21,0,0,0,0,0,25,0.16,0,0,0,0.84,0,0,0,0,0
Juanita School,7/5/2020,2020,edge,40.56279,-78.07467,3,10,1,7,16,7,0,54,20.89900017,0.434833051,27218.0421,0.453072026,0.449218418,0.681067187,114.5674138,68.45289988,91.5765488,1.598675667,0.392458333,0,13.22219433,274.5968625,232.16248,26,0.153846154,0,0,0,0.807692308,0,0,0,0,0,0.961538462,0,4,0,0,0,21,0,0,0,0,0,25,0.16,0,0,0,0.84,0,0,0,0,0
Juanita School,7/5/2020,2020,edge,40.56279,-78.07467,3,10,1,7,16,7,0,54,20.89900017,0.434833051,27218.0421,0.453072026,0.449218418,0.681067187,114.5674138,68.45289988,91.5765488,4.679063667,5.617412667,1.727033667,13.08187067,274.5968625,232.16248,26,0.153846154,0,0,0,0.807692308,0,0,0,0,0,0.961538462,0,4,0,0,0,21,0,0,0,0,0,25,0.16,0,0,0,0.84,0,0,0,0,0
Lamar fish hatchery,7/4/2020,2020,edge,41.00405,-77.53464,1,14,1,10,40,4,0,29,21.48399925,0.480891916,16669.95471,0.491348884,0.467306085,0.280112714,0,0,0,8.039774667,1.502290333,1.195011667,0,0,253.93622,61,0.163934426,0,0,0.016393443,0.180327869,0,0,0.032786885,0,0,0.393442623,0.655975732,10,0,0,1,11,0,0,2,0,0,24,0.416666667,0,0,0.041666667,0.458333333,0,0,0.083333333,0,0
Lamar fish hatchery,7/4/2020,2020,edge,41.00405,-77.53464,1,14,1,10,40,4,0,29,21.48399925,0.480891916,16669.95471,0.491348884,0.467306085,0.280112714,0,0,0,6.146976,2.016058667,0,4.231975,0,253.93622,61,0.163934426,0,0,0.016393443,0.180327869,0,0,0.032786885,0,0,0.393442623,0.655975732,10,0,0,1,11,0,0,2,0,0,24,0.416666667,0,0,0.041666667,0.458333333,0,0,0.083333333,0,0
Lamar fish hatchery,7/4/2020,2020,edge,41.00405,-77.53464,1,14,1,10,40,4,0,29,21.48399925,0.480891916,16669.95471,0.491348884,0.467306085,0.280112714,0,0,0,2.440368667,0.537585333,1.304008,12.170115,0,253.93622,61,0.163934426,0,0,0.016393443,0.180327869,0,0,0.032786885,0,0,0.393442623,0.655975732,10,0,0,1,11,0,0,2,0,0,24,0.416666667,0,0,0.041666667,0.458333333,0,0,0.083333333,0,0
Lamar Travel center,7/3/2020,2020,valley,41.03312,-77.51592,0,9,1,6,12,28,0,44,21.72299957,0.320181885,35652.76895,0.353436118,0.422981236,0.127323955,83.3824602,147.350755,85.35729211,4.015899667,0,1.138643333,0,316.0905073,262.84256,20,0.45,0,0,0.1,0.65,0,0,0.05,0,0,1.25,0.601923972,9,0,0,2,13,0,0,1,0,0,25,0.36,0,0,0.08,0.52,0,0,0.04,0,0
Lamar Travel center,7/3/2020,2020,valley,41.03312,-77.51592,0,9,1,6,12,28,0,44,21.72299957,0.320181885,35652.76895,0.353436118,0.422981236,0.127323955,83.3824602,147.350755,85.35729211,6.920867,0,1.435751667,11.13895067,316.0905073,262.84256,20,0.45,0,0,0.1,0.65,0,0,0.05,0,0,1.25,0.601923972,9,0,0,2,13,0,0,1,0,0,25,0.36,0,0,0.08,0.52,0,0,0.04,0,0
Lamar Travel center,7/3/2020,2020,valley,41.03312,-77.51592,0,9,1,6,12,28,0,44,21.72299957,0.320181885,35652.76895,0.353436118,0.422981236,0.127323955,83.3824602,147.350755,85.35729211,7.323381667,1.039519167,2.790456917,0,316.0905073,262.84256,20,0.45,0,0,0.1,0.65,0,0,0.05,0,0,1.25,0.601923972,9,0,0,2,13,0,0,1,0,0,25,0.36,0,0,0.08,0.52,0,0,0.04,0,0
Laurelton,6/23/2020,2020,edge,40.89569,-77.19428,1,5,0,7,60,6,0,21,21.82699966,0.449054544,21719.86246,0.473701536,0.467670885,0.404519794,81.61371216,138.842351,112.4074687,5.947225667,0,0,12.62133033,332.8635318,215.70236,34,0.382352941,0,0,0.058823529,0.294117647,0.029411765,0,0,0,0,0.764705882,0.687092027,13,0,0,2,10,1,0,0,0,0,26,0.5,0,0,0.076923077,0.384615385,0.038461538,0,0,0,0
Laurelton,6/23/2020,2020,edge,40.89569,-77.19428,1,5,0,7,60,6,0,21,21.82699966,0.449054544,21719.86246,0.473701536,0.467670885,0.404519794,81.61371216,138.842351,112.4074687,5.030310667,1.251384,0,14.76770967,332.8635318,215.70236,34,0.382352941,0,0,0.058823529,0.294117647,0.029411765,0,0,0,0,0.764705882,0.687092027,13,0,0,2,10,1,0,0,0,0,26,0.5,0,0,0.076923077,0.384615385,0.038461538,0,0,0,0
Laurelton,6/23/2020,2020,edge,40.89569,-77.19428,1,5,0,7,60,6,0,21,21.82699966,0.449054544,21719.86246,0.473701536,0.467670885,0.404519794,81.61371216,138.842351,112.4074687,6.325965,1.387434667,0,13.80807633,332.8635318,215.70236,34,0.382352941,0,0,0.058823529,0.294117647,0.029411765,0,0,0,0,0.764705882,0.687092027,13,0,0,2,10,1,0,0,0,0,26,0.5,0,0,0.076923077,0.384615385,0.038461538,0,0,0,0
Lewisburg Skate Park,7/7/2020,2020,valley,40.96386,-76.89995,0,24,0,1,0,73,0,0,21.68000031,0.251475541,21472.69004,0.381985709,0.466217759,0,78.32098295,121.8228535,50.65500364,10.008824,5.958437,1.669448933,8.988463333,250.7988401,138.97792,38,0,0,0,0,0.657894737,0,0,0,0,0,0.657894737,0,0,0,0,0,25,0,0,0,0,0,25,0,0,0,0,1,0,0,0,0,0
Lewisburg Skate Park,7/7/2020,2020,valley,40.96386,-76.89995,0,24,0,1,0,73,0,0,21.68000031,0.251475541,21472.69004,0.381985709,0.466217759,0,78.32098295,121.8228535,50.65500364,9.001741,1.9286875,1.34265,1.074909333,250.7988401,138.97792,38,0,0,0,0,0.657894737,0,0,0,0,0,0.657894737,0,0,0,0,0,25,0,0,0,0,0,25,0,0,0,0,1,0,0,0,0,0
Lewisburg Skate Park,7/7/2020,2020,valley,40.96386,-76.89995,0,24,0,1,0,73,0,0,21.68000031,0.251475541,21472.69004,0.381985709,0.466217759,0,78.32098295,121.8228535,50.65500364,9.700377,4.213521167,0.42474725,0,250.7988401,138.97792,38,0,0,0,0,0.657894737,0,0,0,0,0,0.657894737,0,0,0,0,0,25,0,0,0,0,0,25,0,0,0,0,1,0,0,0,0,0
Little Mountain Timber Harvest,7/7/2020,2020,forest,41.0539,-77.12094,0,5,0,0,93,0,0,0,20.03499985,0.673325036,377.0873145,0.65013423,0.510244257,0,0,0,0,NA,NA,NA,NA,0,515.55035,24,0.791666667,0,0,0,0.041666667,0,0.125,0,0,0,0.958333333,0.562335145,19,0,0,0,1,0,3,0,0,0,23,0.826086957,0,0,0,0.043478261,0,0.130434783,0,0,0
Lockhaven Cemetry,7/1/2020,2020,edge,41.1446,-77.46609,13,18,0,1,42,25,0,1,21.96299934,0.479256879,4589.833183,0.522101654,0.478151695,0,0,0,0,8.150080333,0,11.41596798,16.38662933,0,231.02882,67,0.164179104,0,0,0,0.179104478,0.029850746,0,0,0,0,0.373134328,0.410116318,11,0,0,0,12,2,0,0,0,0,25,0.44,0,0,0,0.48,0.08,0,0,0,0
Lockhaven Cemetry,7/1/2020,2020,edge,41.1446,-77.46609,13,18,0,1,42,25,0,1,21.96299934,0.479256879,4589.833183,0.522101654,0.478151695,0,0,0,0,6.414599667,0,4.630497027,16.524618,0,231.02882,67,0.164179104,0,0,0,0.179104478,0.029850746,0,0,0,0,0.373134328,0.410116318,11,0,0,0,12,2,0,0,0,0,25,0.44,0,0,0,0.48,0.08,0,0,0,0
Lockhaven Cemetry,7/1/2020,2020,edge,41.1446,-77.46609,13,18,0,1,42,25,0,1,21.96299934,0.479256879,4589.833183,0.522101654,0.478151695,0,0,0,0,5.311343333,1.967988,2.135264,11.26623333,0,231.02882,67,0.164179104,0,0,0,0.179104478,0.029850746,0,0,0,0,0.373134328,0.410116318,11,0,0,0,12,2,0,0,0,0,25,0.44,0,0,0,0.48,0.08,0,0,0,0
Milheim: Downtown + Cemetary,7/8/2020,2020,valley,40.88785,-77.48655,0,9,0,16,14,6,0,54,21.30800056,0.399809271,22218.02921,0.432614912,0.463349621,0.038197186,0,0,0,4.727993,2.100274333,1.155998333,0,0,355.2049,105,0.00952381,0.00952381,0,0,0.114285714,0.00952381,0.00952381,0,0.038095238,0,0.19047619,1.083172809,1,1,0,0,12,1,1,0,4,0,20,0.05,0.05,0,0,0.6,0.05,0.05,0,0.2,0
Milheim: Downtown + Cemetary,7/8/2020,2020,valley,40.88785,-77.48655,0,9,0,16,14,6,0,54,21.30800056,0.399809271,22218.02921,0.432614912,0.463349621,0.038197186,0,0,0,4.575153,7.789151,0,0,0,355.2049,105,0.00952381,0.00952381,0,0,0.114285714,0.00952381,0.00952381,0,0.038095238,0,0.19047619,1.083172809,1,1,0,0,12,1,1,0,4,0,20,0.05,0.05,0,0,0.6,0.05,0.05,0,0.2,0
Milheim: Downtown + Cemetary,7/8/2020,2020,valley,40.88785,-77.48655,0,9,0,16,14,6,0,54,21.30800056,0.399809271,22218.02921,0.432614912,0.463349621,0.038197186,0,0,0,7.747111,9.266445,2.115666667,0,0,355.2049,105,0.00952381,0.00952381,0,0,0.114285714,0.00952381,0.00952381,0,0.038095238,0,0.19047619,1.083172809,1,1,0,0,12,1,1,0,4,0,20,0.05,0.05,0,0,0.6,0.05,0.05,0,0.2,0
Milton Cemetary,7/3/2020,2020,edge,41.02668,-76.84733,0,43,0,2,11,44,0,0,21.58799934,0.29007367,19399.26801,0.392254788,0.456191802,23.21638407,74.83918773,128.3244832,66.24607512,8.409579,3.395833,2.022407833,0,269.4097461,164.17772,64,0.203125,0,0,0,0.1875,0,0,0,0,0,0.390625,0,13,0,0,0,12,0,0,0,0,0,25,0.52,0,0,0,0.48,0,0,0,0,0
Milton Cemetary,7/3/2020,2020,edge,41.02668,-76.84733,0,43,0,2,11,44,0,0,21.58799934,0.29007367,19399.26801,0.392254788,0.456191802,23.21638407,74.83918773,128.3244832,66.24607512,9.069267333,1.628066333,0,0,269.4097461,164.17772,64,0.203125,0,0,0,0.1875,0,0,0,0,0,0.390625,0,13,0,0,0,12,0,0,0,0,0,25,0.52,0,0,0,0.48,0,0,0,0,0
Milton Cemetary,7/3/2020,2020,edge,41.02668,-76.84733,0,43,0,2,11,44,0,0,21.58799934,0.29007367,19399.26801,0.392254788,0.456191802,23.21638407,74.83918773,128.3244832,66.24607512,8.719665667,1.965315667,1.4000235,7.508191333,269.4097461,164.17772,64,0.203125,0,0,0,0.1875,0,0,0,0,0,0.390625,0,13,0,0,0,12,0,0,0,0,0,25,0.52,0,0,0,0.48,0,0,0,0,0
New enterprise,6/24/2020,2020,valley,40.17182,-78.40829,0,12,0,8,1,24,0,54,18.56399918,0.228764491,54468.39784,0.280714866,0.410575592,0,0,0,0,7.528916333,0,1.509885,0,0,390.60236,64,0.09375,0,0,0,0.265625,0,0,0,0,0.015625,0.375,0.214559155,6,0,0,0,17,0,0,0,0,1,24,0.25,0,0,0,0.708333333,0,0,0,0,0.041666667
New enterprise,6/25/2020,2021,valley,40.17182,-78.40829,0,12,0,8,1,24,0,54,18.56399918,0.228764491,54468.39784,0.280714866,0.410575592,0,0,0,0,7.56496,2.232014333,2.004168667,0,0,390.60236,64,0.09375,0,0,0,0.265625,0,0,0,0,0.015625,0.375,0.214559155,6,0,0,0,17,0,0,0,0,1,24,0.25,0,0,0,0.708333333,0,0,0,0,0.041666667
New enterprise,6/26/2020,2022,valley,40.17182,-78.40829,0,12,0,8,1,24,0,54,18.56399918,0.228764491,54468.39784,0.280714866,0.410575592,0,0,0,0,7.640937333,2.463462667,0,9.765233,0,390.60236,64,0.09375,0,0,0,0.265625,0,0,0,0,0.015625,0.375,0.214559155,6,0,0,0,17,0,0,0,0,1,24,0.25,0,0,0,0.708333333,0,0,0,0,0.041666667
Pine Grove mills,7/2/2020,2020,edge,40.733043,-77.885327,0,29,0,5,36,24,0,4,20,0.460457264,20006.51892,0.492755818,0.47082498,0.213241542,0,0,0,NA,NA,NA,NA,0,400.80142,120,0.025,0,0,0,0.025,0.025,0.041666667,0,0,0.05,0.166666667,1.339718043,3,0,0,0,3,3,5,0,0,6,20,0.15,0,0,0,0.15,0.15,0.25,0,0,0.3
Po Valley Area,7/8/2020,2020,forest,40.81523,-77.51576,0,5,0,0,95,0,0,0,20.24900055,0.63984814,1260.596452,0.608380331,0.495981646,0,102.845341,145.8591895,102.6438017,NA,NA,NA,NA,351.3483322,642.82526,35,0.342857143,0,0.057142857,0,0.028571429,0.028571429,0.371428571,0,0,0,0.828571429,0.790234755,12,0,2,0,1,1,13,0,0,0,29,0.413793103,0,0.068965517,0,0.034482759,0.034482759,0.448275862,0,0,0
Ramblewood: fairview park,7/4/2020,2020,valley,40.725222,-77.934223,0,22,0,12,13,16,0,37,19.0189991,0.371768037,31469.39173,0.403584312,0.439952695,0.203718334,113.0393407,83.69409654,128.6758426,9.423976333,2.451716333,2.102716367,13.458822,325.4092798,365.17786,75,0.04,0,0,0,0.186666667,0.026666667,0.12,0,0,0,0.373333333,0.894551098,3,0,0,0,14,2,9,0,0,0,28,0.107142857,0,0,0,0.5,0.071428571,0.321428571,0,0,0
Ramblewood: fairview park,7/4/2020,2020,valley,40.725222,-77.934223,0,22,0,12,13,16,0,37,19.0189991,0.371768037,31469.39173,0.403584312,0.439952695,0.203718334,113.0393407,83.69409654,128.6758426,11.26207833,3.327575,1.581048,13.60639767,325.4092798,365.17786,75,0.04,0,0,0,0.186666667,0.026666667,0.12,0,0,0,0.373333333,0.894551098,3,0,0,0,14,2,9,0,0,0,28,0.107142857,0,0,0,0.5,0.071428571,0.321428571,0,0,0
Ramblewood: fairview park,7/4/2020,2020,valley,40.725222,-77.934223,0,22,0,12,13,16,0,37,19.0189991,0.371768037,31469.39173,0.403584312,0.439952695,0.203718334,113.0393407,83.69409654,128.6758426,8.623484,2.040859333,2.107395667,15.37586433,325.4092798,365.17786,75,0.04,0,0,0,0.186666667,0.026666667,0.12,0,0,0,0.373333333,0.894551098,3,0,0,0,14,2,9,0,0,0,28,0.107142857,0,0,0,0.5,0.071428571,0.321428571,0,0,0
Raymond B. Winter State Park,7/7/2020,2020,forest,40.98428,-77.15751,0,5,0,0,95,0,0,0,19.74900055,0.684890478,30.0218535,0.657086484,0.510774804,0,84.55810517,166.4877473,111.9344562,0,1.761943,0,13.78025233,362.9803087,387.6908,26,0.192307692,0,0,0,0.269230769,0.038461538,0.423076923,0.038461538,0,0,0.961538462,0.995821321,5,0,0,0,7,1,11,1,0,0,25,0.2,0,0,0,0.28,0.04,0.44,0.04,0,0
Raymond B. Winter State Park,7/7/2020,2020,forest,40.98428,-77.15751,0,5,0,0,95,0,0,0,19.74900055,0.684890478,30.0218535,0.657086484,0.510774804,0,84.55810517,166.4877473,111.9344562,0,2.341728,1.005362167,12.590341,362.9803087,387.6908,26,0.192307692,0,0,0,0.269230769,0.038461538,0.423076923,0.038461538,0,0,0.961538462,0.995821321,5,0,0,0,7,1,11,1,0,0,25,0.2,0,0,0,0.28,0.04,0.44,0.04,0,0
Roaring Springs Elementry,6/25/2020,2020,valley,40.33329,-78.38261,0,5,1,5,2,18,0,69,18.6989994,0.349486358,30633.26611,0.402189493,0.444071336,0.60114121,0,0,0,8.415944667,1.373034333,1.210307833,12.31469633,0,410.58499,92,0.130434783,0.010869565,0,0.02173913,0.097826087,0.010869565,0,0,0,0,0.27173913,0.937155853,12,1,0,2,9,1,0,0,0,0,25,0.48,0.04,0,0.08,0.36,0.04,0,0,0,0
Roaring Springs Elementry,6/25/2020,2020,valley,40.33329,-78.38261,0,5,1,5,2,18,0,69,18.6989994,0.349486358,30633.26611,0.402189493,0.444071336,0.60114121,0,0,0,12.789884,3.604105,0.8251475,13.98488033,0,410.58499,92,0.130434783,0.010869565,0,0.02173913,0.097826087,0.010869565,0,0,0,0,0.27173913,0.937155853,12,1,0,2,9,1,0,0,0,0,25,0.48,0.04,0,0.08,0.36,0.04,0,0,0,0
Roaring Springs Elementry,6/25/2020,2020,valley,40.33329,-78.38261,0,5,1,5,2,18,0,69,18.6989994,0.349486358,30633.26611,0.402189493,0.444071336,0.60114121,0,0,0,9.079559,0,2.358906333,13.656393,0,410.58499,92,0.130434783,0.010869565,0,0.02173913,0.097826087,0.010869565,0,0,0,0,0.27173913,0.937155853,12,1,0,2,9,1,0,0,0,0,25,0.48,0.04,0,0.08,0.36,0.04,0,0,0,0
Rothrock Row 2 (south),6/29/2020,2020,edge,40.65931,-77.70243,0,9,0,0,89,0,0,1,19.8390007,0.495585186,26788.53822,0.501847055,0.472220954,0.028957504,115.6218676,111.2952264,94.2764525,NA,NA,NA,NA,321.1935465,350.76657,132,0.098484848,0,0,0.037878788,0.015151515,0.015151515,0.007575758,0,0,0.022727273,0.196969697,1.479132807,13,0,0,5,2,2,1,0,0,3,26,0.5,0,0,0.192307692,0.076923077,0.076923077,0.038461538,0,0,0.115384615
Rothrock Row North,6/29/2020,2020,forest,40.7044,-77.72627,0,7,0,0,92,0,0,0,19.81999969,0.67399502,7.145287362,0.640747572,0.504770654,0,119.1328512,112.9905178,99.63211531,5.710152333,0,3.50683262,13.77595233,331.7554843,436.19016,26,0.230769231,0,0,0.076923077,0.423076923,0,0.192307692,0,0,0,0.923076923,0.900908873,6,0,0,2,11,0,5,0,0,0,24,0.25,0,0,0.083333333,0.458333333,0,0.208333333,0,0,0
Rothrock Row North,6/29/2020,2020,forest,40.7044,-77.72627,0,7,0,0,92,0,0,0,19.81999969,0.67399502,7.145287362,0.640747572,0.504770654,0,119.1328512,112.9905178,99.63211531,0,0,0.949763167,15.09475067,331.7554843,436.19016,26,0.230769231,0,0,0.076923077,0.423076923,0,0.192307692,0,0,0,0.923076923,0.900908873,6,0,0,2,11,0,5,0,0,0,24,0.25,0,0,0.083333333,0.458333333,0,0.208333333,0,0,0
Rothrock Row North,6/29/2020,2020,forest,40.7044,-77.72627,0,7,0,0,92,0,0,0,19.81999969,0.67399502,7.145287362,0.640747572,0.504770654,0,119.1328512,112.9905178,99.63211531,1.755967333,0,0,14.77210867,331.7554843,436.19016,26,0.230769231,0,0,0.076923077,0.423076923,0,0.192307692,0,0,0,0.923076923,0.900908873,6,0,0,2,11,0,5,0,0,0,24,0.25,0,0,0.083333333,0.458333333,0,0.208333333,0,0,0
SGL073 south,6/24/2020,2020,forest,40.19801,-78.30983,0,7,0,0,91,0,0,0,18.45599937,0.658904271,2646.747884,0.650928429,0.517254135,0,0,0,0,5.408545333,0,0.7933781,15.11923067,0,563.15704,28,0.357142857,0,0,0.035714286,0.25,0,0.107142857,0,0,0.107142857,0.857142857,1.195268417,10,0,0,1,7,0,3,0,0,3,24,0.416666667,0,0,0.041666667,0.291666667,0,0.125,0,0,0.125
SGL073 south,6/24/2020,2020,forest,40.19801,-78.30983,0,7,0,0,91,0,0,0,18.45599937,0.658904271,2646.747884,0.650928429,0.517254135,0,0,0,0,2.325128667,0,3.392942383,14.858214,0,563.15704,28,0.357142857,0,0,0.035714286,0.25,0,0.107142857,0,0,0.107142857,0.857142857,1.195268417,10,0,0,1,7,0,3,0,0,3,24,0.416666667,0,0,0.041666667,0.291666667,0,0.125,0,0,0.125
SGL118 north,7/5/2020,2020,forest,40.4948,-78.14216,0,7,0,0,94,0,0,0,19.02599907,0.647367388,17984.68909,0.636880199,0.50822455,0,113.6986261,64.28959217,81.89903293,8.803973,0,2.8762945,0,259.8872512,437.01694,15,0.6,0.066666667,0,0.066666667,0.933333333,0,0,0,0,0,1.666666667,0.463413559,9,1,0,1,14,0,0,0,0,0,25,0.36,0.04,0,0.04,0.56,0,0,0,0,0
SGL118 north,7/5/2020,2020,forest,40.4948,-78.14216,0,7,0,0,94,0,0,0,19.02599907,0.647367388,17984.68909,0.636880199,0.50822455,0,113.6986261,64.28959217,81.89903293,9.393639,1.981334667,0,12.03889067,259.8872512,437.01694,15,0.6,0.066666667,0,0.066666667,0.933333333,0,0,0,0,0,1.666666667,0.463413559,9,1,0,1,14,0,0,0,0,0,25,0.36,0.04,0,0.04,0.56,0,0,0,0,0
SGL118 north,7/5/2020,2020,forest,40.4948,-78.14216,0,7,0,0,94,0,0,0,19.02599907,0.647367388,17984.68909,0.636880199,0.50822455,0,113.6986261,64.28959217,81.89903293,8.675369333,3.070771333,2.735623617,14.13899133,259.8872512,437.01694,15,0.6,0.066666667,0,0.066666667,0.933333333,0,0,0,0,0,1.666666667,0.463413559,9,1,0,1,14,0,0,0,0,0,25,0.36,0.04,0,0.04,0.56,0,0,0,0,0
SGL147,6/26/2020,2020,edge,40.33619,-78.33949,0,8,0,1,85,0,0,6,18.1590004,0.440935811,26651.84618,0.47252787,0.471867222,0.445757065,0,0,0,NA,NA,NA,NA,0,609.38116,71,0.126760563,0.014084507,0,0.014084507,0.028169014,0.014084507,0.084507042,0,0,0.084507042,0.366197183,1.486895227,9,1,0,1,2,1,6,0,0,6,26,0.346153846,0.038461538,0,0.038461538,0.076923077,0.038461538,0.230769231,0,0,0.230769231
SGL295,7/4/2020,2020,forest,41.0303,-77.39127,0,5,0,0,95,0,0,0,19.70800018,0.618651493,4651.627166,0.594014043,0.493096376,0.127982411,82.68234348,134.8184605,86.18764405,5.991392333,0,3.626479833,14.42900867,303.688448,581.04388,22,0.045454545,0,0,0,0.318181818,0.045454545,0.409090909,0,0.045454545,0.363636364,1.227272727,1.333791747,1,0,0,0,7,1,9,0,1,8,27,0.037037037,0,0,0,0.259259259,0.037037037,0.333333333,0,0.037037037,0.296296296
SGL295,7/4/2020,2020,forest,41.0303,-77.39127,0,5,0,0,95,0,0,0,19.70800018,0.618651493,4651.627166,0.594014043,0.493096376,0.127982411,82.68234348,134.8184605,86.18764405,3.219861333,3.534605667,2.3168415,15.14446567,303.688448,581.04388,22,0.045454545,0,0,0,0.318181818,0.045454545,0.409090909,0,0.045454545,0.363636364,1.227272727,1.333791747,1,0,0,0,7,1,9,0,1,8,27,0.037037037,0,0,0,0.259259259,0.037037037,0.333333333,0,0.037037037,0.296296296
SGL322,7/5/2020,2020,forest,40.52874,-78.01127,0,4,0,0,95,0,0,0,20.33200073,0.644587104,516.8381005,0.646920191,0.51483516,0,100.7607619,72.66076773,77.42347787,7.580814667,0,24.13833889,14.31481667,250.8450075,478.34433,37,0.027027027,0,0,0.189189189,0.297297297,0.054054054,0.054054054,0,0,0.081081081,0.702702703,1.37621004,1,0,0,7,11,2,2,0,0,3,26,0.038461538,0,0,0.269230769,0.423076923,0.076923077,0.076923077,0,0,0.115384615
SGL322,7/5/2020,2020,forest,40.52874,-78.01127,0,4,0,0,95,0,0,0,20.33200073,0.644587104,516.8381005,0.646920191,0.51483516,0,100.7607619,72.66076773,77.42347787,4.997318333,0,0,15.818929,250.8450075,478.34433,37,0.027027027,0,0,0.189189189,0.297297297,0.054054054,0.054054054,0,0,0.081081081,0.702702703,1.37621004,1,0,0,7,11,2,2,0,0,3,26,0.038461538,0,0,0.269230769,0.423076923,0.076923077,0.076923077,0,0,0.115384615
SGL322,7/5/2020,2020,forest,40.52874,-78.01127,0,4,0,0,95,0,0,0,20.33200073,0.644587104,516.8381005,0.646920191,0.51483516,0,100.7607619,72.66076773,77.42347787,1.098138667,0,1.518442667,14.82980867,250.8450075,478.34433,37,0.027027027,0,0,0.189189189,0.297297297,0.054054054,0.054054054,0,0,0.081081081,0.702702703,1.37621004,1,0,0,7,11,2,2,0,0,3,26,0.038461538,0,0,0.269230769,0.423076923,0.076923077,0.076923077,0,0,0.115384615
SGL73 north gasline,6/26/2020,2020,edge,40.39739,-78.18323,0,4,0,0,96,0,0,0,18.80800056,0.499528515,33903.27189,0.513770789,0.477884636,0.114591561,0,0,0,5.090602,1.344784333,1.1152855,13.374824,0,656.07172,50,0.24,0,0,0.12,0.06,0,0.02,0,0,0.06,0.5,1.230931623,12,0,0,6,3,0,1,0,0,3,25,0.48,0,0,0.24,0.12,0,0.04,0,0,0.12
SGL89 ,7/1/2020,2020,forest,41.20587,-77.50468,0,5,0,0,94,0,0,0,20.56699944,0.69156503,39.45729046,0.656591233,0.506874252,0.178253531,87.82955644,149.841264,99.77402017,1.258237,1.199227333,0,14.79753367,337.4448406,312.23416,32,0.0625,0,0,0,0.1875,0.09375,0.4375,0,0,0.03125,0.8125,1.053337318,2,0,0,0,6,3,14,0,0,1,26,0.076923077,0,0,0,0.230769231,0.115384615,0.538461538,0,0,0.038461538
SGL89 ,7/1/2020,2020,forest,41.20587,-77.50468,0,5,0,0,94,0,0,0,20.56699944,0.69156503,39.45729046,0.656591233,0.506874252,0.178253531,87.82955644,149.841264,99.77402017,1.912831333,0,1.650942833,14.84919867,337.4448406,312.23416,32,0.0625,0,0,0,0.1875,0.09375,0.4375,0,0,0.03125,0.8125,1.053337318,2,0,0,0,6,3,14,0,0,1,26,0.076923077,0,0,0,0.230769231,0.115384615,0.538461538,0,0,0.038461538
Tussey Mountain,6/29/2020,2020,edge,40.76804,-77.75625,2,10,0,8,70,3,0,7,19.10700035,0.545043918,6919.08879,0.564781542,0.500880523,0.214021018,107.7337179,109.4352456,117.2539431,6.056037667,0,2.4734515,0,334.4229067,404.80856,18,0.5,0,0,0,0.333333333,0.055555556,0.277777778,0.055555556,0.055555556,0,1.277777778,1.29636116,9,0,0,0,6,1,5,1,1,0,23,0.391304348,0,0,0,0.260869565,0.043478261,0.217391304,0.043478261,0.043478261,0
Tussey Mountain,6/29/2020,2020,edge,40.76804,-77.75625,2,10,0,8,70,3,0,7,19.10700035,0.545043918,6919.08879,0.564781542,0.500880523,0.214021018,107.7337179,109.4352456,117.2539431,9.636638667,3.755458,0,0,334.4229067,404.80856,18,0.5,0,0,0,0.333333333,0.055555556,0.277777778,0.055555556,0.055555556,0,1.277777778,1.29636116,9,0,0,0,6,1,5,1,1,0,23,0.391304348,0,0,0,0.260869565,0.043478261,0.217391304,0.043478261,0.043478261,0
Valley View County Park,7/8/2020,2020,edge,40.5139,-78.37435,0,16,0,1,27,55,0,0,18.64999962,0.408996857,144.8052875,0.543355075,0.534268209,0.160047384,0,0,0,NA,NA,NA,NA,0,365.49902,67,0.194029851,0.014925373,0,0,0.074626866,0.059701493,0,0,0,0.029850746,0.373134328,1.236684869,13,1,0,0,5,4,0,0,0,2,25,0.52,0.04,0,0,0.2,0.16,0,0,0,0.08
Yellow Creek Church,6/24/2020,2020,edge,40.14112,-78.33298,0,8,0,7,56,3,0,26,19.12800026,0.517581612,12349.6055,0.53395853,0.492346649,0,121.0763303,106.9154484,79.19548474,9.418614,5.146814667,1.118903333,14.28097067,307.1872634,320.07486,17,0.647058824,0,0,0,0.588235294,0.058823529,0.117647059,0,0,0.058823529,1.470588235,0.895332666,11,0,0,0,10,1,2,0,0,1,25,0.44,0,0,0,0.4,0.04,0.08,0,0,0.04
Yellow Creek Church,6/24/2020,2020,edge,40.14112,-78.33298,0,8,0,7,56,3,0,26,19.12800026,0.517581612,12349.6055,0.53395853,0.492346649,0,121.0763303,106.9154484,79.19548474,9.708310333,0,0.403935667,11.60266167,307.1872634,320.07486,17,0.647058824,0,0,0,0.588235294,0.058823529,0.117647059,0,0,0.058823529,1.470588235,0.895332666,11,0,0,0,10,1,2,0,0,1,25,0.44,0,0,0,0.4,0.04,0.08,0,0,0.04
Yellow Creek Church,6/24/2020,2020,edge,40.14112,-78.33298,0,8,0,7,56,3,0,26,19.12800026,0.517581612,12349.6055,0.53395853,0.492346649,0,121.0763303,106.9154484,79.19548474,7.773242333,3.272571,0,12.784494,307.1872634,320.07486,17,0.647058824,0,0,0,0.588235294,0.058823529,0.117647059,0,0,0.058823529,1.470588235,0.895332666,11,0,0,0,10,1,2,0,0,1,25,0.44,0,0,0,0.4,0.04,0.08,0,0,0.04
